name_a,name_b,tf_oc,cre_oc,target_oc,edge_oc
o_directnet.o_directnet.o_directnet.o_directnet,o_directnet.o_directnet.o_directnet.o_directnet,1.0,1.0,1.0,1.0
o_directnet.o_directnet.o_directnet.o_directnet,o_dictys.o_dictys.o_dictys.o_dictys,0.5590909090909091,0.6852874974421935,0.6658886295431811,0.05766759255420588
o_directnet.o_directnet.o_directnet.o_directnet,o_celloracle.o_celloracle.o_celloracle.o_celloracle,0.5454545454545454,0.6065773447015834,0.6148867313915858,0.15950920245398773
o_directnet.o_directnet.o_directnet.o_directnet,o_collectri.o_collectri.o_collectri.o_collectri,0.5636363636363636,0.5700615174299385,0.5494283792871554,0.1217463159344443
o_directnet.o_directnet.o_directnet.o_directnet,o_scenic.o_scenic.o_scenic.o_scenic,0.4863636363636364,0.5761821366024519,0.567590618336887,0.12774725274725274
o_directnet.o_directnet.o_directnet.o_directnet,o_linger.o_linger.o_linger.o_linger,0.8954545454545455,0.2942500511561285,0.20747834017327862,0.058262381313243884
o_directnet.o_directnet.o_directnet.o_directnet,o_linger_baseline.o_linger_baseline.o_linger_baseline.o_linger_baseline,0.9772727272727273,0.38718043719896256,0.547455295735901,0.11088835427247616
o_directnet.o_directnet.o_directnet.o_directnet,o_crema.o_crema.o_crema.o_crema,0.6666666666666666,0.0,0.25555555555555554,0.06810538116591928
o_directnet.o_directnet.o_directnet.o_directnet,o_scenicplus.o_scenicplus.o_scenicplus.o_scenicplus,0.5151515151515151,0.454573357888275,0.38779593197732576,0.058879192513931235
o_directnet.o_directnet.o_directnet.o_directnet,o_granie.o_granie.o_granie.o_granie,0.38764044943820225,0.45484949832775917,0.3470216606498195,0.09520083463745435
o_directnet.o_directnet.o_directnet.o_directnet,o_dorothea.o_dorothea.o_dorothea.o_dorothea,0.5301204819277109,0.56,0.575240919199407,0.1494149414941494
o_directnet.o_directnet.o_directnet.o_directnet,o_random.o_random.o_random.o_random,0.2681818181818182,0.21724941724941724,0.18463073852295409,0.008061689449702068
o_directnet.o_directnet.o_directnet.o_directnet,o_pando.o_pando.o_pando.o_pando,0.5409090909090909,0.0,0.39221556886227543,0.07922210849539406
o_dictys.o_dictys.o_dictys.o_dictys,o_dictys.o_dictys.o_dictys.o_dictys,1.0,1.0,1.0,1.0
o_dictys.o_dictys.o_dictys.o_dictys,o_celloracle.o_celloracle.o_celloracle.o_celloracle,0.696969696969697,0.7125456760048721,0.8915857605177994,0.046291132180702736
o_dictys.o_dictys.o_dictys.o_dictys,o_collectri.o_collectri.o_collectri.o_collectri,0.6504424778761062,0.6520847573479153,0.6529926025554809,0.013359041454345131
o_dictys.o_dictys.o_dictys.o_dictys,o_scenic.o_scenic.o_scenic.o_scenic,0.5663716814159292,0.6895796847635727,0.7040511727078891,0.036401098901098904
o_dictys.o_dictys.o_dictys.o_dictys,o_linger.o_linger.o_linger.o_linger,0.8451327433628318,0.5555662188099808,0.8002735978112175,0.014977934293228726
o_dictys.o_dictys.o_dictys.o_dictys,o_linger_baseline.o_linger_baseline.o_linger_baseline.o_linger_baseline,0.8584070796460177,0.540200074101519,0.6918844566712518,0.005435266862692685
o_dictys.o_dictys.o_dictys.o_dictys,o_crema.o_crema.o_crema.o_crema,0.7204301075268817,0.0,0.8888888888888888,0.02914798206278027
o_dictys.o_dictys.o_dictys.o_dictys,o_scenicplus.o_scenicplus.o_scenicplus.o_scenicplus,0.6666666666666666,0.6729868391701985,0.7905914592372688,0.049101040900010516
o_dictys.o_dictys.o_dictys.o_dictys,o_granie.o_granie.o_granie.o_granie,0.37640449438202245,0.6298773690078038,0.6836642599277978,0.007563901930099113
o_dictys.o_dictys.o_dictys.o_dictys,o_dorothea.o_dorothea.o_dorothea.o_dorothea,0.6024096385542169,0.6520754716981132,0.6864343958487769,0.021602160216021602
o_dictys.o_dictys.o_dictys.o_dictys,o_random.o_random.o_random.o_random,0.26548672566371684,0.4461538461538462,0.5399201596806387,0.0010515247108307045
o_dictys.o_dictys.o_dictys.o_dictys,o_pando.o_pando.o_pando.o_pando,0.6592920353982301,0.0017028522775649213,0.9431137724550899,0.02497441146366428
o_celloracle.o_celloracle.o_celloracle.o_celloracle,o_celloracle.o_celloracle.o_celloracle.o_celloracle,1.0,1.0,1.0,1.0
o_celloracle.o_celloracle.o_celloracle.o_celloracle,o_collectri.o_collectri.o_collectri.o_collectri,0.7878787878787878,0.220462850182704,0.38996763754045305,0.026213050752928055
o_celloracle.o_celloracle.o_celloracle.o_celloracle,o_scenic.o_scenic.o_scenic.o_scenic,0.6666666666666666,0.31790499390986604,0.5906148867313916,0.1003904071388734
o_celloracle.o_celloracle.o_celloracle.o_celloracle,o_linger.o_linger.o_linger.o_linger,0.8787878787878788,0.4238733252131547,0.6375404530744336,0.11600669269380925
o_celloracle.o_celloracle.o_celloracle.o_celloracle,o_linger_baseline.o_linger_baseline.o_linger_baseline.o_linger_baseline,0.8787878787878788,0.10353227771010962,0.11488673139158576,0.020078081427774678
o_celloracle.o_celloracle.o_celloracle.o_celloracle,o_crema.o_crema.o_crema.o_crema,0.4090909090909091,0.0,0.2,0.021193530395984383
o_celloracle.o_celloracle.o_celloracle.o_celloracle,o_scenicplus.o_scenicplus.o_scenicplus.o_scenicplus,0.6818181818181818,0.5286236297198539,0.8252427184466019,0.21528165086447296
o_celloracle.o_celloracle.o_celloracle.o_celloracle,o_granie.o_granie.o_granie.o_granie,0.3484848484848485,0.1071863580998782,0.3673139158576052,0.006692693809258227
o_celloracle.o_celloracle.o_celloracle.o_celloracle,o_dorothea.o_dorothea.o_dorothea.o_dorothea,0.6515151515151515,0.22289890377588306,0.4190938511326861,0.021751254880089235
o_celloracle.o_celloracle.o_celloracle.o_celloracle,o_random.o_random.o_random.o_random,0.30303030303030304,0.029232643118148598,0.11165048543689321,0.0
o_celloracle.o_celloracle.o_celloracle.o_celloracle,o_pando.o_pando.o_pando.o_pando,0.8939393939393939,0.0,0.47604790419161674,0.05688789737869492
o_collectri.o_collectri.o_collectri.o_collectri,o_collectri.o_collectri.o_collectri.o_collectri,1.0,1.0,1.0,1.0
o_collectri.o_collectri.o_collectri.o_collectri,o_scenic.o_scenic.o_scenic.o_scenic,0.5532786885245902,0.5666438824333562,0.5527908540685945,0.01304945054945055
o_collectri.o_collectri.o_collectri.o_collectri,o_linger.o_linger.o_linger.o_linger,0.7745901639344263,0.32809295967190705,0.20107599193006054,0.015287150530229996
o_collectri.o_collectri.o_collectri.o_collectri,o_linger_baseline.o_linger_baseline.o_linger_baseline.o_linger_baseline,0.8360655737704918,0.127136021872864,0.28060522696011003,0.015424872607078914
o_collectri.o_collectri.o_collectri.o_collectri,o_crema.o_crema.o_crema.o_crema,0.6666666666666666,0.0,0.32222222222222224,0.013733183856502242
o_collectri.o_collectri.o_collectri.o_collectri,o_scenicplus.o_scenicplus.o_scenicplus.o_scenicplus,0.696969696969697,0.3868762816131237,0.425689307330195,0.014185373915438644
o_collectri.o_collectri.o_collectri.o_collectri,o_granie.o_granie.o_granie.o_granie,0.47191011235955055,0.09022556390977443,0.24546065904505715,0.004434011476264998
o_collectri.o_collectri.o_collectri.o_collectri,o_dorothea.o_dorothea.o_dorothea.o_dorothea,0.7168674698795181,0.5924528301886792,0.5856189770200149,0.3351335133513351
o_collectri.o_collectri.o_collectri.o_collectri,o_random.o_random.o_random.o_random,0.26639344262295084,0.06288448393711552,0.13382649630127774,0.0
o_collectri.o_collectri.o_collectri.o_collectri,o_pando.o_pando.o_pando.o_pando,0.6311475409836066,0.0,0.32934131736526945,0.013715455475946776
o_scenic.o_scenic.o_scenic.o_scenic,o_scenic.o_scenic.o_scenic.o_scenic,1.0,1.0,1.0,1.0
o_scenic.o_scenic.o_scenic.o_scenic,o_linger.o_linger.o_linger.o_linger,0.6127819548872181,0.30604203152364273,0.21431828545371637,0.02197802197802198
o_scenic.o_scenic.o_scenic.o_scenic,o_linger_baseline.o_linger_baseline.o_linger_baseline.o_linger_baseline,0.6390977443609023,0.12040280210157618,0.3988995873452545,0.017857142857142856
o_scenic.o_scenic.o_scenic.o_scenic,o_crema.o_crema.o_crema.o_crema,0.5483870967741935,0.0,0.25555555555555554,0.0072869955156950675
o_scenic.o_scenic.o_scenic.o_scenic,o_scenicplus.o_scenicplus.o_scenicplus.o_scenicplus,0.6767676767676768,0.4023642732049037,0.4631130063965885,0.19688644688644688
o_scenic.o_scenic.o_scenic.o_scenic,o_granie.o_granie.o_granie.o_granie,0.4044943820224719,0.12486064659977704,0.2806859205776173,0.007563901930099113
o_scenic.o_scenic.o_scenic.o_scenic,o_dorothea.o_dorothea.o_dorothea.o_dorothea,0.5843373493975904,0.609811320754717,0.5930318754633062,0.009900990099009901
o_scenic.o_scenic.o_scenic.o_scenic,o_random.o_random.o_random.o_random,0.2669172932330827,0.05547785547785548,0.1342315369261477,0.0
o_scenic.o_scenic.o_scenic.o_scenic,o_pando.o_pando.o_pando.o_pando,0.5338345864661654,0.0,0.39520958083832336,0.019688644688644688
o_linger.o_linger.o_linger.o_linger,o_linger.o_linger.o_linger.o_linger,1.0,1.0,1.0,1.0
o_linger.o_linger.o_linger.o_linger,o_linger_baseline.o_linger_baseline.o_linger_baseline.o_linger_baseline,0.983739837398374,0.22082252686180068,0.20220082530949107,0.012749075023403023
o_linger.o_linger.o_linger.o_linger,o_crema.o_crema.o_crema.o_crema,0.8709677419354839,0.0,0.32222222222222224,0.016816143497757848
o_linger.o_linger.o_linger.o_linger,o_scenicplus.o_scenicplus.o_scenicplus.o_scenicplus,0.7878787878787878,0.4147792706333973,0.6657546739626083,0.043423404479024284
o_linger.o_linger.o_linger.o_linger,o_granie.o_granie.o_granie.o_granie,0.5674157303370787,0.30379041248606464,0.20428636570907432,0.017996870109546165
o_linger.o_linger.o_linger.o_linger,o_dorothea.o_dorothea.o_dorothea.o_dorothea,0.8313253012048193,0.31849056603773584,0.23943661971830985,0.0186018601860186
o_linger.o_linger.o_linger.o_linger,o_random.o_random.o_random.o_random,0.3022508038585209,0.3128205128205128,0.1312375249500998,0.0007010164738871364
o_linger.o_linger.o_linger.o_linger,o_pando.o_pando.o_pando.o_pando,0.5338753387533876,0.0008514261387824606,0.6317365269461078,0.062231320368474924
o_linger_baseline.o_linger_baseline.o_linger_baseline.o_linger_baseline,o_linger_baseline.o_linger_baseline.o_linger_baseline.o_linger_baseline,1.0,1.0,1.0,1.0
o_linger_baseline.o_linger_baseline.o_linger_baseline.o_linger_baseline,o_crema.o_crema.o_crema.o_crema,0.9139784946236559,0.0,0.022222222222222223,0.0033632286995515697
o_linger_baseline.o_linger_baseline.o_linger_baseline.o_linger_baseline,o_scenicplus.o_scenicplus.o_scenicplus.o_scenicplus,0.7878787878787878,0.3160429788810671,0.4607977991746905,0.009357585953106928
o_linger_baseline.o_linger_baseline.o_linger_baseline.o_linger_baseline,o_granie.o_granie.o_granie.o_granie,0.6292134831460674,0.11036789297658862,0.33975240715268223,0.012258737610850287
o_linger_baseline.o_linger_baseline.o_linger_baseline.o_linger_baseline,o_dorothea.o_dorothea.o_dorothea.o_dorothea,0.8855421686746988,0.11547169811320755,0.22833562585969738,0.014701470147014702
o_linger_baseline.o_linger_baseline.o_linger_baseline.o_linger_baseline,o_random.o_random.o_random.o_random,0.3311897106109325,0.04568764568764569,0.12104539202200826,0.0007010164738871364
o_linger_baseline.o_linger_baseline.o_linger_baseline.o_linger_baseline,o_pando.o_pando.o_pando.o_pando,0.5493333333333333,0.0,0.10479041916167664,0.012896622313203685
o_crema.o_crema.o_crema.o_crema,o_crema.o_crema.o_crema.o_crema,1.0,1.0,1.0,1.0
o_crema.o_crema.o_crema.o_crema,o_scenicplus.o_scenicplus.o_scenicplus.o_scenicplus,0.3763440860215054,0.0,0.5888888888888889,0.05072869955156951
o_crema.o_crema.o_crema.o_crema,o_granie.o_granie.o_granie.o_granie,0.3870967741935484,0.0,0.17777777777777778,0.003082959641255605
o_crema.o_crema.o_crema.o_crema,o_dorothea.o_dorothea.o_dorothea.o_dorothea,0.5483870967741935,0.0,0.25555555555555554,0.0084008400840084
o_crema.o_crema.o_crema.o_crema,o_random.o_random.o_random.o_random,0.25806451612903225,0.0,0.1111111111111111,0.0
o_crema.o_crema.o_crema.o_crema,o_pando.o_pando.o_pando.o_pando,0.7419354838709677,0.0004257130693912303,0.26666666666666666,0.03923766816143498
o_scenicplus.o_scenicplus.o_scenicplus.o_scenicplus,o_scenicplus.o_scenicplus.o_scenicplus.o_scenicplus,1.0,1.0,1.0,1.0
o_scenicplus.o_scenicplus.o_scenicplus.o_scenicplus,o_granie.o_granie.o_granie.o_granie,0.3434343434343434,0.4280936454849498,0.447202166064982,0.041471048513302036
o_scenicplus.o_scenicplus.o_scenicplus.o_scenicplus,o_dorothea.o_dorothea.o_dorothea.o_dorothea,0.5050505050505051,0.38716981132075473,0.502594514455152,0.0153015301530153
o_scenicplus.o_scenicplus.o_scenicplus.o_scenicplus,o_random.o_random.o_random.o_random,0.23232323232323232,0.31095571095571095,0.27345309381237526,0.0
o_scenicplus.o_scenicplus.o_scenicplus.o_scenicplus,o_pando.o_pando.o_pando.o_pando,0.8888888888888888,0.0021285653469561515,0.8293413173652695,0.10706243602865916
o_granie.o_granie.o_granie.o_granie,o_granie.o_granie.o_granie.o_granie,1.0,1.0,1.0,1.0
o_granie.o_granie.o_granie.o_granie,o_dorothea.o_dorothea.o_dorothea.o_dorothea,0.25301204819277107,0.09433962264150944,0.26241660489251295,0.0036003600360036
o_granie.o_granie.o_granie.o_granie,o_random.o_random.o_random.o_random,0.25280898876404495,0.05351170568561873,0.14620758483033933,0.0
o_granie.o_granie.o_granie.o_granie,o_pando.o_pando.o_pando.o_pando,0.47752808988764045,0.0005574136008918618,0.3652694610778443,0.008868022952529996
o_dorothea.o_dorothea.o_dorothea.o_dorothea,o_dorothea.o_dorothea.o_dorothea.o_dorothea,1.0,1.0,1.0,1.0
o_dorothea.o_dorothea.o_dorothea.o_dorothea,o_random.o_random.o_random.o_random,0.25903614457831325,0.04981132075471698,0.12972572275759822,0.0
o_dorothea.o_dorothea.o_dorothea.o_dorothea,o_pando.o_pando.o_pando.o_pando,0.6144578313253012,0.0,0.3473053892215569,0.010801080108010801
o_random.o_random.o_random.o_random,o_random.o_random.o_random.o_random,1.0,1.0,1.0,1.0
o_random.o_random.o_random.o_random,o_pando.o_pando.o_pando.o_pando,0.31511254019292606,0.0004662004662004662,0.1317365269461078,0.0003505082369435682
o_pando.o_pando.o_pando.o_pando,o_pando.o_pando.o_pando.o_pando,1.0,1.0,1.0,1.0
